INSERT INTO sponsors(SName) VALUES ('Nike');
INSERT INTO sponsors(SName) VALUES ('Adidas');
INSERT INTO sponsors(SName) VALUES ('Puma');
INSERT INTO sponsors(SName) VALUES ('Cadbury');
INSERT INTO sponsors(SName) VALUES ('Carling');
INSERT INTO sponsors(SName) VALUES ('Barclays');
INSERT INTO sponsors(SName) VALUES ('Topps');
INSERT INTO sponsors(SName) VALUES ('TAGHeuer');
INSERT INTO sponsors(SName) VALUES ('Fly_emirates');
INSERT INTO sponsors(SName) VALUES ('American_Express'); 
INSERT INTO sponsors(SName) VALUES ('EA_Sports');
INSERT INTO sponsors(SName) VALUES ('SportPesa');
INSERT INTO sponsors(SName) VALUES ('Standard_Chartered');
INSERT INTO sponsors(SName) VALUES ('New_Balance');
INSERT INTO sponsors(SName) VALUES ('Etihad');
INSERT INTO sponsors(SName) VALUES ('Fun88');
INSERT INTO sponsors(SName) VALUES ('Budweiser');
INSERT INTO sponsors(SName) VALUES ('Gucci');
INSERT INTO sponsors(SName) VALUES ('Armani');
INSERT INTO sponsors(SName) VALUES ('Under_Armour');

INSERT INTO Manager(MName, Nationality, CurrentlyManages) VALUES ('Eddie Howe','England','Bournemouth');
INSERT INTO Manager(MName, Nationality, CurrentlyManages) VALUES ('Arsene Wenger', 'France','Arsenal');
INSERT INTO Manager(MName, Nationality, CurrentlyManages) VALUES ('Chris Hughton', 'Ireland','Brighton and Hove Albion');
INSERT INTO Manager(MName, Nationality, CurrentlyManages) VALUES ('Sean Dyche', 'England','Burnley');
INSERT INTO Manager(MName, Nationality, CurrentlyManages) VALUES ('Antonio Conte', 'Italy','Chelsea');
INSERT INTO Manager(MName, Nationality, CurrentlyManages) VALUES ('Frank de Boer', 'Netherlands','Crystal Palace');
INSERT INTO Manager(MName, Nationality, CurrentlyManages) VALUES ('Ronald Koeman', 'Netherlands','Everton');
INSERT INTO Manager(MName, Nationality, CurrentlyManages) VALUES ('David Wagner', 'Germany','Huddersfield Town');
INSERT INTO Manager(MName, Nationality, CurrentlyManages) VALUES ('Claude Puel', 'France','Leicester City');
INSERT INTO Manager(MName, Nationality, CurrentlyManages) VALUES ('Jurgen Klopp', 'Germany','Liverpool');
INSERT INTO Manager(MName, Nationality, CurrentlyManages) VALUES ('Josep Guardiola', 'Spain','Manchester City');
INSERT INTO Manager(MName, Nationality, CurrentlyManages) VALUES ('Jose Mourinho', 'Portugal','Manchester United');
INSERT INTO Manager(MName, Nationality, CurrentlyManages) VALUES ('Rafael Benitez','Spain','Newcastle United');
INSERT INTO Manager(MName, Nationality, CurrentlyManages) VALUES ('Mark Hughes', 'Wales','Southampton');
INSERT INTO Manager(MName, Nationality, CurrentlyManages) VALUES ('Mauricio Pellegrino', 'Argentina','Southampton');
INSERT INTO Manager(MName, Nationality, CurrentlyManages) VALUES ('Paul Lambert', 'Scotland','Stoke City');
INSERT INTO Manager(MName, Nationality, CurrentlyManages) VALUES ('Paul Clement', 'England','Swansea City');
INSERT INTO Manager(MName, Nationality, CurrentlyManages) VALUES ('Mauricio Pochettino', 'Argentina','Tottenham Hotspur');
INSERT INTO Manager(MName, Nationality, CurrentlyManages) VALUES ('David Moyes', 'Scotland','West Ham United');
INSERT INTO Manager(MName, Nationality, CurrentlyManages) VALUES ('Tony Pulis', 'Wales','West Bromwich Albion');

INSERT INTO Team(TName, Stadium) VALUES ('Arsenal', 'Emirates Stadium');
INSERT INTO Team(TName, Stadium) VALUES ('Bournemouth', 'Vitality Stadium');
INSERT INTO Team(TName, Stadium) VALUES ('Brighton and Hove Albion', 'Amex Stadium');
INSERT INTO Team(TName, Stadium) VALUES ('Burnley', 'Turf Moor');
INSERT INTO Team(TName, Stadium) VALUES ('Chelsea', 'Stamford Bridge');
INSERT INTO Team(TName, Stadium) VALUES ('Crystal Palace', 'Selhurst Park');
INSERT INTO Team(TName, Stadium) VALUES ('Everton', 'Goodison Park');
INSERT INTO Team(TName, Stadium) VALUES ('Huddersfield Town', 'John Smiths Stadium');
INSERT INTO Team(TName, Stadium) VALUES ('Leicester City', 'King Power Stadium');
INSERT INTO Team(TName, Stadium) VALUES ('Liverpool', 'Anfield');
INSERT INTO Team(TName, Stadium) VALUES ('Manchester City', 'Etihad Stadium');
INSERT INTO Team(TName, Stadium) VALUES ('Manchester United', 'Old Trafford');
INSERT INTO Team(TName, Stadium) VALUES ('Newcastle United', 'St James Park');
INSERT INTO Team(TName, Stadium) VALUES ('Southampton', 'St Marys Stadium');
INSERT INTO Team(TName, Stadium) VALUES ('Stoke City', 'bet365 Stadium');
INSERT INTO Team(TName, Stadium) VALUES ('Swansea City', 'Liberty Stadium');
INSERT INTO Team(TName, Stadium) VALUES ('Tottenham Hotspur', 'Wembley Stadium');
INSERT INTO Team(TName, Stadium) VALUES ('Watford', 'Vicarage Road');
INSERT INTO Team(TName, Stadium) VALUES ('West Bromwich Albion', 'The Hawthorns');
INSERT INTO Team(TName, Stadium) VALUES ('West Ham United', 'London Stadium');


INSERT INTO Player(FirstName,LastName,DOB,Goals,Assists,CurrentTeam,PlayerID)
VALUES('Ronaldo','Aarons','16-NOV-1995',2,1,'Newcastle United',111111111);

INSERT INTO Player(FirstName,LastName,DOB,Goals,Assists,CurrentTeam,PlayerID)
VALUES('Tammy','Abraham','2-OCT-1997',5,1,'Swansea City',111111112);

INSERT INTO Player(FirstName,LastName,DOB,Goals,Assists,CurrentTeam,PlayerID)
VALUES('Charlie','Adam','10-DEC-1985',33,25,'Stoke City',111111113);

INSERT INTO Player(FirstName,LastName,DOB,Goals,Assists,CurrentTeam,PlayerID)
VALUES('Adam','Smith','29-APR-1991',4,8,'Bournemouth',111111114);

INSERT INTO Player(FirstName,LastName,DOB,Goals,Assists,CurrentTeam,PlayerID)
VALUES('Adrien','Silva','15-MAR-1985',0,1,'Leicester City',111111115);

INSERT INTO Player(FirstName,LastName,DOB,Goals,Assists,CurrentTeam,PlayerID)
VALUES('Ibrahim','Afellay','02-APR-1986',2,2,'Stoke City',111111116);

INSERT INTO Player(FirstName,LastName,DOB,Goals,Assists,CurrentTeam,PlayerID)
VALUES('Benik','Afobe','12-FEB-1993',10,3,'Arsenal',111111117);

INSERT INTO Player(FirstName,LastName,DOB,Goals,Assists,CurrentTeam,PlayerID)
VALUES('Daniel','Agyei','01-JUN-1997',0,0,'Huddersfield Town',111111118);

INSERT INTO Player(FirstName,LastName,DOB,Goals,Assists,CurrentTeam,PlayerID)
VALUES('Soufyan','Ahannach','09-SEP-1995',0,0,'West Ham United',111111119);

INSERT INTO Player(FirstName,LastName,DOB,Goals,Assists,CurrentTeam,PlayerID)
VALUES('Ahmed','Heghazi','25-JAN-1991',2,0,'West Bromwich Albion',111111120);

INSERT INTO Player(FirstName,LastName,DOB,Goals,Assists,CurrentTeam,PlayerID)
VALUES('Chuba','Akpom','09-OCT-1995',0,0,'Chelsea',111111121);

INSERT INTO Player(FirstName,LastName,DOB,Goals,Assists,CurrentTeam,PlayerID)
VALUES('Marc','Albrighton','18-NOV-1989',15,32,'Leicester City',111111122);

INSERT INTO Player(FirstName,LastName,DOB,Goals,Assists,CurrentTeam,PlayerID)
VALUES('Toby','Alderweireld','03-FEB-1989',6,2,'Tottenham Hotspur',111111123);

INSERT INTO Player(FirstName,LastName,DOB,Goals,Assists,CurrentTeam,PlayerID)
VALUES('Aleix','Garcia','28-JUN-1997',0,0,'Manchester City',111111124);

INSERT INTO Player(FirstName,LastName,DOB,Goals,Assists,CurrentTeam,PlayerID)
VALUES('Ali','Gabr','10-JAN-1989',0,0,'West Bromwich Albion',111111125);

INSERT INTO Player(FirstName,LastName,DOB,Goals,Assists,CurrentTeam,PlayerID)
VALUES('Allan','Nyom','10-MAY-1998',0,4,'West Bromwich Albion',111111126);

INSERT INTO Player(FirstName,LastName,DOB,Goals,Assists,CurrentTeam,PlayerID)
VALUES('Joe','Allen','14-MAR-1995',14,10,'Arsenal',111111127);

INSERT INTO Player(FirstName,LastName,DOB,Goals,Assists,CurrentTeam,PlayerID)
VALUES('Ryan','Allsop','16-NOV-1995',2,1,'Newcastle United',111111128);

INSERT INTO Player(FirstName,LastName,DOB,Goals,Assists,CurrentTeam,PlayerID)
VALUES('Marcos','Alonso','28-DEC-1990',14,6,'Chelsea',111111129);

INSERT INTO Player(FirstName,LastName,DOB,Goals,Assists,CurrentTeam,PlayerID)
VALUES('Danie','Amartey','21-DEC-1994',1,1,'Leicester City',111111130);

INSERT INTO Player(FirstName,LastName,DOB,Goals,Assists,CurrentTeam,PlayerID)
VALUES('Jordi','Amat','21-MAR-1992',0,0,'Swansea City',111111131);

INSERT INTO Player(FirstName,LastName,DOB,Goals,Assists,CurrentTeam,PlayerID)
VALUES('Luke','Amos','23-FEB-1997',2,1,'Newcastle United',111111132);

INSERT INTO Player(FirstName,LastName,DOB,Goals,Assists,CurrentTeam,PlayerID)
VALUES('Ethan','Ampadu','14-SEP-2000',0,0,'Chelsea',111111133);

INSERT INTO Player(FirstName,LastName,DOB,Goals,Assists,CurrentTeam,PlayerID)
VALUES('Nordin','Amrabat','31-MAR-1987',0,3,'Watford',111111134);

INSERT INTO Player(FirstName,LastName,DOB,Goals,Assists,CurrentTeam,PlayerID)
VALUES('Tom','Anderson','02-SEP-1993',0,0,'Watford',111111135);

INSERT INTO Player(FirstName,LastName,DOB,Goals,Assists,CurrentTeam,PlayerID)
VALUES('Andreas','Pereira','01-JAN-1996',0,0,'Manchester United',111111136);

INSERT INTO Player(FirstName,LastName,DOB,Goals,Assists,CurrentTeam,PlayerID)
VALUES('Michail','Antonio','28-MAR-1990',20,7,'West Ham United',111111137);

INSERT INTO Player(FirstName,LastName,DOB,Goals,Assists,CurrentTeam,PlayerID)
VALUES('Ashley','Barnes','30-OCT-1989',20,4,'Burnley',111111138);

INSERT INTO Player(FirstName,LastName,DOB,Goals,Assists,CurrentTeam,PlayerID)
VALUES('Marko','Arnautovic','19-APR-1989',32,27,'West Ham United',111111139);

INSERT INTO Player(FirstName,LastName,DOB,Goals,Assists,CurrentTeam,PlayerID)
VALUES('Modou','Barrow','13-OCT-1992',1,5,'Swansea City',111111140);

INSERT INTO Player(FirstName,LastName,DOB,Goals,Assists,CurrentTeam,PlayerID)
VALUES('Gareth','Barry','23-FEB-1981',53,64,'West Bromwich Albion',111111141);

INSERT INTO Player(FirstName,LastName,DOB,Goals,Assists,CurrentTeam,PlayerID)
VALUES('Harry ','Arter','28-DEC-1989',3,4,'Bournemouth',111111142);

INSERT INTO Player(FirstName,LastName,DOB,Goals,Assists,CurrentTeam,PlayerID)
VALUES('Jan','Bednarek','12-APR-1996',1,0,'Southampton',111111143);

INSERT INTO Player(FirstName,LastName,DOB,Goals,Assists,CurrentTeam,PlayerID)
VALUES('Charlie','Austin','05-JUL-1989',32,6,'Southampton',111111144);

INSERT INTO Player(FirstName,LastName,DOB,Goals,Assists,CurrentTeam,PlayerID)
VALUES('Yohan','Benalouane','28-MAR-1987',0,0,'Leicester City',111111145);

INSERT INTO Player(FirstName,LastName,DOB,Goals,Assists,CurrentTeam,PlayerID)
VALUES('Michy','Batshuayi','02-OCT-1993',7,2,'Arsenal',111111146);

INSERT INTO Player(FirstName,LastName,DOB,Goals,Assists,CurrentTeam,PlayerID)
VALUES('Asmir','Begovic','20-JUN-1987',1,0,'Bournemouth',111111147);

INSERT INTO Player(FirstName,LastName,DOB,Goals,Assists,CurrentTeam,PlayerID)
VALUES('Leighton','Baines','12-DEC-1984',32,52,'Everton',111111148);

INSERT INTO Player(FirstName,LastName,DOB,Goals,Assists,CurrentTeam,PlayerID)
VALUES('Daniel',' Bachmann','09-JUL-1994',0,0,'Watford',111111149);

INSERT INTO Player(FirstName,LastName,DOB,Goals,Assists,CurrentTeam,PlayerID)
VALUES('Bernardo','Silva','10-AUG-1994',5,4,'Manchester City',111111150);

INSERT INTO Player(FirstName,LastName,DOB,Goals,Assists,CurrentTeam,PlayerID)
VALUES('Hamza','Choudhury','01-OCT-1997',0,0,'Leicester City',111111151);

INSERT INTO Player(FirstName,LastName,DOB,Goals,Assists,CurrentTeam,PlayerID)
VALUES('Andreas','Christensen','10-APR-1996',0,0,'Chelsea',111111152);

INSERT INTO Player(FirstName,LastName,DOB,Goals,Assists,CurrentTeam,PlayerID)
VALUES('Zachary','Dearnley','28-SEP-1998',0,0,'Manchester United',111111153);

INSERT INTO Player(FirstName,LastName,DOB,Goals,Assists,CurrentTeam,PlayerID)
VALUES('Seamus','Coleman','11-OCT-1988',18,18,'Everton',111111154);

INSERT INTO Player(FirstName,LastName,DOB,Goals,Assists,CurrentTeam,PlayerID)
VALUES('Wilfried','Bony','10-DEC-1988',35,10,'Swansea City',111111155);

INSERT INTO Player(FirstName,LastName,DOB,Goals,Assists,CurrentTeam,PlayerID)
VALUES('Jack','Colback','24-OCT-1989',9,10,'Huddersfield Town',111111156);

INSERT INTO Player(FirstName,LastName,DOB,Goals,Assists,CurrentTeam,PlayerID)
VALUES('Robert',' Elliot','30-APR-1986',1,5,'Newcastle United',111111157);

INSERT INTO Player(FirstName,LastName,DOB,Goals,Assists,CurrentTeam,PlayerID)
VALUES('Tom','Carroll','28-MAY-1992',2,7,'Swansea City',111111158);

INSERT INTO Player(FirstName,LastName,DOB,Goals,Assists,CurrentTeam,PlayerID)
VALUES('Laurent','Depoitre','07-DEC-1988',5,1,'Huddersfield Town',111111159);

INSERT INTO Player(FirstName,LastName,DOB,Goals,Assists,CurrentTeam,PlayerID)
VALUES('Fabian','Delph','21-NOV-1989',7,7,'Manchester City',111111160);

INSERT INTO Player(FirstName,LastName,DOB,Goals,Assists,CurrentTeam,PlayerID)
VALUES('Adam','Federici','31-JAN-1985',0,0,'Bournemouth',111111161);

INSERT INTO Player(FirstName,LastName,DOB,Goals,Assists,CurrentTeam,PlayerID)
VALUES('Jason','Denayer','28-JUN-1995',0,0,'Liverpool',111111162);

INSERT INTO Player(FirstName,LastName,DOB,Goals,Assists,CurrentTeam,PlayerID)
VALUES('Cesc ','Fàbregas','04-MAY-1987',49,111,'Chelsea',111111163);

INSERT INTO Player(FirstName,LastName,DOB,Goals,Assists,CurrentTeam,PlayerID)
VALUES('Diego','Cavalieri','01-DEC-1982',0,0,'Crystal Palace',111111164);

INSERT INTO Player(FirstName,LastName,DOB,Goals,Assists,CurrentTeam,PlayerID)
VALUES('Phil','Foden','28-MAY-2000',0,0,'Manchester City',111111165);

INSERT INTO Player(FirstName,LastName,DOB,Goals,Assists,CurrentTeam,PlayerID)
VALUES('Mame','Biram Diouf','16-DEC-1987',27,9,'Stoke City',111111166);

INSERT INTO Player(FirstName,LastName,DOB,Goals,Assists,CurrentTeam,PlayerID)
VALUES('Jordan','Hugill','04-JUN-1992',0,0,'West Ham United',111111167);

INSERT INTO Player(FirstName,LastName,DOB,Goals,Assists,CurrentTeam,PlayerID)
VALUES('Tommie','Hoban','24-JAN-1994',0,0,'Watford',111111168);

INSERT INTO Player(FirstName,LastName,DOB,Goals,Assists,CurrentTeam,PlayerID)
VALUES('Joel','Matip','08-AUG-1991',2,0,'Liverpool',111111169);

INSERT INTO Player(FirstName,LastName,DOB,Goals,Assists,CurrentTeam,PlayerID)
VALUES('Martin','Dubravka','13-OCT-1992',0,0,'Newcastle United',111111170);

INSERT INTO Player(FirstName,LastName,DOB,Goals,Assists,CurrentTeam,PlayerID)
VALUES('Kieran','Gibbs','26-SEP-1989',2,9,'West Bromwich Albion',111111171);

INSERT INTO Player(FirstName,LastName,DOB,Goals,Assists,CurrentTeam,PlayerID)
VALUES('Darren','Fletcher','01-FEB-1984',23,27,'Stoke City',111111172);

INSERT INTO Player(FirstName,LastName,DOB,Goals,Assists,CurrentTeam,PlayerID)
VALUES('Adam','Federici','31-JAN-1985',0,0,'Bournemouth',111111173);

INSERT INTO Player(FirstName,LastName,DOB,Goals,Assists,CurrentTeam,PlayerID)
VALUES('Grzegorz','Krychowiak','29-JAN-1990',0,2,'West Bromwich Albion',111111174);

INSERT INTO Player(FirstName,LastName,DOB,Goals,Assists,CurrentTeam,PlayerID)
VALUES('Sead','Haksabanovic','04-MAY-1999',0,0,'West Ham United',111111175);

INSERT INTO Player(FirstName,LastName,DOB,Goals,Assists,CurrentTeam,PlayerID)
VALUES('Anthony ','Martial','05-DEC-1995',24,15,'Manchester City',111111176);

INSERT INTO Player(FirstName,LastName,DOB,Goals,Assists,CurrentTeam,PlayerID)
VALUES('Mat','Ryan','08-APR-1992',0,0,'Brighton and Hove Albion',111111177);

INSERT INTO Player(FirstName,LastName,DOB,Goals,Assists,CurrentTeam,PlayerID)
VALUES('Orestis','Karnezis','11-JUL-1985',0,0,'Watford',111111178);

INSERT INTO Player(FirstName,LastName,DOB,Goals,Assists,CurrentTeam,PlayerID)
VALUES('Grady','Diangana','19-APR-1998',0,0,'West Ham United',111111179);

INSERT INTO Player(FirstName,LastName,DOB,Goals,Assists,CurrentTeam,PlayerID)
VALUES('Jay','Fulton','04-APR-1994',0,0,'Arsenal',111111180);

INSERT INTO Player(FirstName,LastName,DOB,Goals,Assists,CurrentTeam,PlayerID)
VALUES('Luke','Garbutt','21-MAY-1994',0,0,'Everton',111111181);

INSERT INTO Player(FirstName,LastName,DOB,Goals,Assists,CurrentTeam,PlayerID)
VALUES('Wayne','Hennessey','24-JAN-1987',0,1,'Crystal Palace',111111182);

INSERT INTO Player(FirstName,LastName,DOB,Goals,Assists,CurrentTeam,PlayerID)
VALUES('Dwight','Gayle','17-OCT-1990',20,4,'Newcastle United',111111183);

INSERT INTO Player(FirstName,LastName,DOB,Goals,Assists,CurrentTeam,PlayerID)
VALUES('Gabriel','Jesus','03-APR-1997',18,7,'Manchester City',111111184);

INSERT INTO Player(FirstName,LastName,DOB,Goals,Assists,CurrentTeam,PlayerID)
VALUES('Oumar','Niasse','18-APR-1990',11,3,'Everton',111111185);

INSERT INTO Player(FirstName,LastName,DOB,Goals,Assists,CurrentTeam,PlayerID)
VALUES('Manolo','Gabbiadini','26-NOV-1991',8,0,'Southampton',111111186);

INSERT INTO Player(FirstName,LastName,DOB,Goals,Assists,CurrentTeam,PlayerID)
VALUES('Jakob','Haugaard','01-MAY-1992',0,0,'Stoke City',111111187);

INSERT INTO Player(FirstName,LastName,DOB,Goals,Assists,CurrentTeam,PlayerID)
VALUES('Reiss','Nelson','10-DEC-1999',0,0,'Arsenal',111111188);

INSERT INTO Player(FirstName,LastName,DOB,Goals,Assists,CurrentTeam,PlayerID)
VALUES('Anthony','Knockaert','20-NOV-1991',3,1,'Brighton and Hove Albion',111111189);

INSERT INTO Player(FirstName,LastName,DOB,Goals,Assists,CurrentTeam,PlayerID)
VALUES('Bakary','Sako','26-APR-1988',5,1,'Crystal Palace',111111190);

INSERT INTO Player(FirstName,LastName,DOB,Goals,Assists,CurrentTeam,PlayerID)
VALUES('Demarai','Gray','28-JUN-1996',4,5,'Leicester City',111111191);

INSERT INTO Player(FirstName,LastName,DOB,Goals,Assists,CurrentTeam,PlayerID)
VALUES('Lewis','Grabban','12-JUN-1988',1,1,'Manchester United',111111192);

INSERT INTO Player(FirstName,LastName,DOB,Goals,Assists,CurrentTeam,PlayerID)
VALUES('Jordan','Henderson','17-JUN-1990',25,38,'Liverpool',111111193);

INSERT INTO Player(FirstName,LastName,DOB,Goals,Assists,CurrentTeam,PlayerID)
VALUES('Lee','Chung-yong','02-JUL-1988',8,10,'Crystal Palace',111111194);

INSERT INTO Player(FirstName,LastName,DOB,Goals,Assists,CurrentTeam,PlayerID)
VALUES('Mason','Holgate','22-OCT-1996',0,1,'Everton',111111195);

INSERT INTO Player(FirstName,LastName,DOB,Goals,Assists,CurrentTeam,PlayerID)
VALUES('Ander','Herrera','14-AUG-1989',10,14,'Manchester United',111111196);

INSERT INTO Player(FirstName,LastName,DOB,Goals,Assists,CurrentTeam,PlayerID)
VALUES('Alexandre','Lacazette','28-MAY-1991',13,3,'Arsenal',111111197);

INSERT INTO Player(FirstName,LastName,DOB,Goals,Assists,CurrentTeam,PlayerID)
VALUES('Nemanja','Matic','01-AUG-1988',5,17,'Manchester United',111111198);

INSERT INTO Player(FirstName,LastName,DOB,Goals,Assists,CurrentTeam,PlayerID)
VALUES('Henrikh','Mkhitaryan','21-JAN-1989',6,10,'Arsenal',111111199);

INSERT INTO Player(FirstName,LastName,DOB,Goals,Assists,CurrentTeam,PlayerID)
VALUES('Mohamed','Elneny','11-JUL-1992',0,3,'Arsenal',111111200);

INSERT INTO Player(FirstName,LastName,DOB,Goals,Assists,CurrentTeam,PlayerID)
VALUES('Ben','Hamer','20-NOV-1987',0,0,'Leicester City',111111201);

INSERT INTO Player(FirstName,LastName,DOB,Goals,Assists,CurrentTeam,PlayerID)
VALUES('Tommy','Smith','14-APR-1992',0,0,'Huddersfield Town',111111202);

INSERT INTO Player(FirstName,LastName,DOB,Goals,Assists,CurrentTeam,PlayerID)
VALUES('Angel ','Gomes','31-AUG-2000',0,0,'Manchester United',111111203);

INSERT INTO Player(FirstName,LastName,DOB,Goals,Assists,CurrentTeam,PlayerID)
VALUES('Hal','Robson-Kanu','21-MAY-1989',12,3,'West Bromwich Albion',111111204);

INSERT INTO Player(FirstName,LastName,DOB,Goals,Assists,CurrentTeam,PlayerID)
VALUES('Joseph','Gomez','23-MAY-1997',0,3,'Liverpool',111111205);

INSERT INTO Player(FirstName,LastName,DOB,Goals,Assists,CurrentTeam,PlayerID)
VALUES('Matt','Miazga','19-JUL-1997',0,0,'Huddersfield Town',111111206);

INSERT INTO Player(FirstName,LastName,DOB,Goals,Assists,CurrentTeam,PlayerID)
VALUES('Isaac','Hayden','22-MAR-1995',1,0,'Newcastle United',111111207);

INSERT INTO Player(FirstName,LastName,DOB,Goals,Assists,CurrentTeam,PlayerID)
VALUES('Matt','Macey','09-SEP-1994',0,0,'Arsenal',111111208);

INSERT INTO Player(FirstName,LastName,DOB,Goals,Assists,CurrentTeam,PlayerID)
VALUES('Beram',' Kayal','02-MAY-1998',0,2,'Brighton and Hove Albion',111111209);

INSERT INTO Player(FirstName,LastName,DOB,Goals,Assists,CurrentTeam,PlayerID)
VALUES('Ryan','Kent','11-NOV-1996',0,0,'Brighton and Hove Albion',111111210);

INSERT INTO Player(FirstName,LastName,DOB,Goals,Assists,CurrentTeam,PlayerID)
VALUES('Max','Gradel','30-NOV-1987',1,2,'Bournemouth',111111211);

INSERT INTO Player(FirstName,LastName,DOB,Goals,Assists,CurrentTeam,PlayerID)
VALUES('Harry','Maguire','05-MAR-1993',4,6,'Leicester City',111111212);

INSERT INTO Player(FirstName,LastName,DOB,Goals,Assists,CurrentTeam,PlayerID)
VALUES('Adam','Lallana','10-MAY-1988',29,27,'Liverpool',111111213);

INSERT INTO Player(FirstName,LastName,DOB,Goals,Assists,CurrentTeam,PlayerID)
VALUES('Scott','Dann','14-FEB-1987',15,9,'Crystal Palace',111111214);

INSERT INTO Player(FirstName,LastName,DOB,Goals,Assists,CurrentTeam,PlayerID)
VALUES('Tomer','Hemed','02-MAY-1987',2,1,'Brighton and Hove Albion',111111215);

INSERT INTO Player(FirstName,LastName,DOB,Goals,Assists,CurrentTeam,PlayerID)
VALUES('Kelechi','Iheanacho','03-OCT-1996',13,7,'Leicester City',111111216);

INSERT INTO Player(FirstName,LastName,DOB,Goals,Assists,CurrentTeam,PlayerID)
VALUES('Marko','Grujic','13-APR-1996',0,0,'Huddersfield Town',111111217);

INSERT INTO Player(FirstName,LastName,DOB,Goals,Assists,CurrentTeam,PlayerID)
VALUES('Isaac','Success','07-JAN-1996',1,1,'Watford',111111218);

INSERT INTO Player(FirstName,LastName,DOB,Goals,Assists,CurrentTeam,PlayerID)
VALUES('Chance','Mbemba','08-AUG-1992',0,0,'Newcastle United',111111219);

INSERT INTO Player(FirstName,LastName,DOB,Goals,Assists,CurrentTeam,PlayerID)
VALUES('Sead','Haksabanovic','04-MAY-1999',0,0,'West Ham United',111111220);

INSERT INTO Player(FirstName,LastName,DOB,Goals,Assists,CurrentTeam,PlayerID)
VALUES('Erik','Lamela','04-MAR-1992',8,20,'Tottenham Hotspur',111111221);

INSERT INTO Player(FirstName,LastName,DOB,Goals,Assists,CurrentTeam,PlayerID)
VALUES('Sam','Clucas','25-SEP-1990',6,2,'Swansea City',111111222);

INSERT INTO Player(FirstName,LastName,DOB,Goals,Assists,CurrentTeam,PlayerID)
VALUES('Dejan','Lovren','05-JUL-1989',5,3,'Liverpool',111111223);

INSERT INTO Player(FirstName,LastName,DOB,Goals,Assists,CurrentTeam,PlayerID)
VALUES('Yoan','Gouffran','25-MAY-1986',11,4,'Newcastle United',111111224);

INSERT INTO Player(FirstName,LastName,DOB,Goals,Assists,CurrentTeam,PlayerID)
VALUES('Joel','Campbell','26-JUN-1992',3,2,'Arsenal',111111225);

INSERT INTO Player(FirstName,LastName,DOB,Goals,Assists,CurrentTeam,PlayerID)
VALUES('Tendayi','Darikwa','13-DEC-1992',1,5,'Liverpool',111111226);




INSERT INTO Fixture
Values ('Everton', 'Everton', 'Newcastle United', '1', '0', 'Goodison Park', DATE '2018-04-23', 'A000');

INSERT INTO Fixture
Values ('N/A', 'Stoke City', 'Burnley', '1', '1', 'bet365 Stadium', DATE '2018-04-22', 'A001');

INSERT INTO Fixture
Values ('Arsenal', 'Arsenal', 'West Ham United', '4', '1', 'Emirates Stadium', DATE '2018-04-22', 'A002');

INSERT INTO Fixture
Values ('Manchester City', 'Manchester City', 'Swansea City', '5', '0', 'Etihad Stadium', DATE '2018-04-22', 'A003');

INSERT INTO Fixture
Values ('N/A', 'West Bromwich Albion', 'Liverpool', '2', '2', 'The Hawthorns', DATE '2018-04-21', 'A004');

INSERT INTO Fixture
Values ('N/A', 'Watford', 'Crystal Palace', '0', '0', 'Vicarage Road', DATE '2018-04-21', 'A005');

INSERT INTO Fixture
Values ('N/A', 'Leicester City', 'Southampton', '0', '0', 'King Power Stadium', DATE '2018-04-19', 'A006');

INSERT INTO Fixture
Values ('Chelsea', 'Burnley', 'Chelsea', '1', '2', 'Turf Moor', DATE '2018-04-19', 'A007');

INSERT INTO Fixture
Values ('Manchester United', 'Bournemouth', 'Manchester United', '0', '2', 'Vitality Stadium', DATE '2018-04-18', 'A008');

INSERT INTO Fixture
Values ('N/A', 'Brighton and Hove Albion', 'Tottenham Hotspur', '1', '1', 'Amex Stadium', DATE '2018-04-17', 'A009');

INSERT INTO Fixture
Values ('N/A', 'West Ham United', 'Stoke City', '1', '1', 'London Stadium', DATE '2018-04-16', 'A010');

INSERT INTO Fixture
Values ('Newcastle United', 'Newcastle United', 'Arsenal', '2', '1', 'St. James Park', DATE '2018-04-15', 'A011');

INSERT INTO Fixture
Values ('West Bromwich Albion', 'Manchester United', 'West Bromwich Albion', '0', '1', 'Old Trafford', DATE '2018-04-15', 'A012');

INSERT INTO Fixture
Values ('Chelsea', 'Southampton', 'Chelsea', '2', '3', 'St. Marys Stadium', DATE '2018-04-14', 'A013');

INSERT INTO Fixture
Values ('N/A', 'Swansea City', 'Everton', '1', '1', 'Liberty Stadium', DATE '2018-04-14', 'A014');

INSERT INTO Fixture
Values ('Huddersfield Town', 'Huddersfield Town', 'Watford', '1', '0', 'John Smiths Stadium', DATE '2018-04-14', 'A015');

INSERT INTO Fixture
Values ('Crystal Palace', 'Crystal Palace', 'Brighton and Hove Albion', '3', '2', 'Selhurst Park', DATE '2018-04-14', 'A016');

INSERT INTO Fixture
Values ('Burnley', 'Burnley', 'Leicester City', '2', '1', 'Turf Moor', DATE '2018-04-14', 'A017');

INSERT INTO Fixture
Values ('Liverpool', 'Liverpool', 'Bournemouth', '3', '0', 'Anfield', DATE '2018-04-14', 'A018');

INSERT INTO Fixture
Values ('Manchester City', 'Tottenham Hotspur', 'Manchester City', '1', '3', 'Wembley Stadium', DATE '2018-04-14', 'A019');

INSERT INTO Fixture
Values ('Arsenal', 'Arsenal', 'Southampton', '3', '2', 'Emirates Stadium', DATE '2018-04-08', 'A020');

INSERT INTO Fixture
Values ('N/A', 'Chelsea', 'West Ham United', '1', '1', 'Stamford Bridge', DATE '2018-04-08', 'A021');

INSERT INTO Fixture
Values ('N/A', 'Everton', 'Liverpool', '0', '0', 'Goodison Park', DATE '2018-04-07', 'A022');

INSERT INTO Fixture
Values ('N/A', 'West Bromwich Albion', 'Swansea City', '1', '1', 'The Hawthorns', DATE '2018-04-07', 'A023');

INSERT INTO Fixture
Values ('Burnley', 'Watford', 'Burnley', '1', '2', 'Vicarage Road', DATE '2018-04-07', 'A024');

INSERT INTO Fixture
Values ('Tottenham Hotspur', 'Stoke City', 'Tottenham Hotspur', '1', '2', 'bet365 Stadium', DATE '2018-04-07', 'A025');

INSERT INTO Fixture
Values ('Newcastle United', 'Leicester City', 'Newcastle United', '1', '2', 'King Power Stadium', DATE '2018-04-07', 'A026');

INSERT INTO Fixture
Values ('N/A', 'Brighton and Hove Albion', 'Huddersfield Town', '1', '1', 'Amex Stadium', DATE '2018-04-07', 'A027');

INSERT INTO Fixture
Values ('N/A', 'Bournemouth', 'Crystal Palace', '2', '2', 'Vitality Stadium', DATE '2018-04-07', 'A028');

INSERT INTO Fixture
Values ('Manchester United', 'Manchester City', 'Manchester United', '2', '3', 'Etihad Stadium', DATE '2018-04-07', 'A029');

INSERT INTO Fixture
Values ('Arsenal', 'Arsenal', 'Stoke City', '3', '0', 'Emirates Stadium', DATE '2018-04-01', 'A030');

INSERT INTO Fixture
Values ('Tottenham Hotspur', 'Chelsea', 'Tottenham Hotspur', '1', '3', 'Stamford Bridge', DATE '2018-04-01', 'A031');

INSERT INTO Fixture
Values ('Liverpool', 'Crystal Palace', 'Liverpool', '1', '2', 'Selhurst Park', DATE '2018-03-31', 'A032');

INSERT INTO Fixture
Values ('West Ham United', 'West Ham United', 'Southampton', '3', '0', 'London Stadium', DATE '2018-03-31', 'A033');

INSERT INTO Fixture
Values ('Burnley', 'West Bromwich Albion', 'Burnley', '1', '2', 'The Hawthorns', DATE '2018-03-31', 'A034');

INSERT INTO Fixture
Values ('N/A', 'Watford', 'Bournemouth', '2', '2', 'Vicarage Road', DATE '2018-03-31', 'A035');

INSERT INTO Fixture
Values ('Newcastle United', 'Newcastle United', 'Huddersfield Town', '1', '0', 'St. James Park', DATE '2018-03-31', 'A036');

INSERT INTO Fixture
Values ('Manchester United', 'Manchester United', 'Swansea City', '2', '0', 'Old Trafford', DATE '2018-03-31', 'A037');

INSERT INTO Fixture
Values ('Leicester City', 'Brighton and Hove Albion', 'Leicester City', '0', '2', 'Amex Stadium', DATE '2018-03-31', 'A038');

INSERT INTO Fixture
Values ('Manchester City', 'Everton', 'Manchester City', '1', '3', 'Goodison Park', DATE '2018-03-31', 'A039');

INSERT INTO Fixture
Values ('Everton', 'Stoke City', 'Everton', '1', '2', 'bet365 Stadium', DATE '2018-03-17', 'A040');

INSERT INTO Fixture
Values ('Crystal Palace', 'Huddersfield Town', 'Crystal Palace', '0', '2', 'John Smiths Stadium', DATE '2018-03-17', 'A041');

INSERT INTO Fixture
Values ('Bournemouth', 'Bournemouth', 'West Bromwich Albion', '2', '1', 'Vitality Stadium', DATE '2018-03-17', 'A042');

INSERT INTO Fixture
Values ('Liverpool', 'Liverpool', 'Watford', '5', '0', 'Anfield', DATE '2018-03-17', 'A043');

INSERT INTO Fixture
Values ('Manchester City', 'Stoke City', 'Manchester City', '0', '2', 'bet365 Stadium', DATE '2018-03-12', 'A044');

INSERT INTO Fixture
Values ('Arsenal', 'Arsenal', 'Watford', '3', '0', 'Emirates Stadium', DATE '2018-03-11', 'A045');

INSERT INTO Fixture
Values ('Tottenham Hotspur', 'Bournemouth', 'Tottenham Hotspur', '1', '4', 'Vitality Stadium', DATE '2018-03-11', 'A046');

INSERT INTO Fixture
Values ('Manchester United', 'Manchester United', 'Liverpool', '2', '1', 'Old Trafford', DATE '2018-03-10', 'A047');

INSERT INTO Fixture
Values ('Burnley', 'West Ham United', 'Burnley', '0', '3', 'London Stadium', DATE '2018-03-10', 'A048');

INSERT INTO Fixture
Values ('Leicester City', 'West Bromwich Albion', 'Leicester City', '1', '4', 'The Hawthorns', DATE '2018-03-10', 'A049');

INSERT INTO Fixture
Values ('Newcastle United', 'Newcastle United', 'Southampton', '3', '0', 'St. James Park', DATE '2018-03-10', 'A050');

INSERT INTO Fixture
Values ('N/A', 'Huddersfield Town', 'Swansea City', '0', '0', 'John Smiths Stadium', DATE '2018-03-10', 'A051');

INSERT INTO Fixture
Values ('Everton', 'Everton', 'Brighton and Hove Albion', '2', '0', 'Goodison Park', DATE '2018-03-10', 'A052');

INSERT INTO Fixture
Values ('Chelsea', 'Chelsea', 'Crystal Palace', '2', '1', 'Stamford Bridge', DATE '2018-03-10', 'A053');

INSERT INTO Fixture
Values ('Manchester United', 'Crystal Palace', 'Manchester United', '2', '3', 'Selhurst Park', DATE '2018-03-05', 'A054');

INSERT INTO Fixture
Values ('Brighton and Hove Albion', 'Brighton and Hove Albion', 'Arsenal', '2', '1', 'Amex Stadium', DATE '2018-03-04', 'A055');

INSERT INTO Fixture
Values ('Manchester City', 'Manchester City', 'Chelsea', '1', '0', 'Etihad Stadium', DATE '2018-03-04', 'A056');

INSERT INTO Fixture
Values ('Burnley', 'Burnley', 'Everton', '2', '1', 'Turf Moor', DATE '2018-03-03', 'A057');

INSERT INTO Fixture
Values ('Watford', 'Watford', 'West Bromwich Albion', '1', '0', 'Vicarage Road', DATE '2018-03-03', 'A058');

INSERT INTO Fixture
Values ('Tottenham Hotspur', 'Tottenham Hotspur', 'Huddersfield Town', '2', '0', 'Wembley Stadium', DATE '2018-03-03', 'A059');

INSERT INTO Fixture
Values ('Swansea City', 'Swansea City', 'West Ham United', '4', '1', 'Liberty Stadium', DATE '2018-03-03', 'A060');

INSERT INTO Fixture
Values ('N/A', 'Southampton', 'Stoke City', '0', '0', 'St. Marys Stadium', DATE '2018-03-03', 'A061');

INSERT INTO Fixture
Values ('N/A', 'Leicester City', 'Bournemouth', '1', '1', 'King Power Stadium', DATE '2018-03-03', 'A062');

INSERT INTO Fixture
Values ('Liverpool', 'Liverpool', 'Newcastle United', '2', '0', 'Anfield', DATE '2018-03-03', 'A063');

INSERT INTO Fixture
Values ('Manchester City', 'Arsenal', 'Manchester City', '0', '3', 'Emirates Stadium', DATE '2018-03-01', 'A064');

INSERT INTO Fixture
Values ('Tottenham Hotspur', 'Crystal Palace', 'Tottenham Hotspur', '0', '1', 'Selhurst Park', DATE '2018-02-25', 'A065');

INSERT INTO Fixture
Values ('Manchester United', 'Manchester United', 'Chelsea', '2', '1', 'Old Trafford', DATE '2018-02-25', 'A066');

INSERT INTO Fixture
Values ('N/A', 'Leicester City', 'Stoke City', '1', '1', 'King Power Stadium', DATE '2018-02-24', 'A067');

INSERT INTO Fixture
Values ('Huddersfield Town', 'West Bromwich Albion', 'Huddersfield Town', '1', '2', 'The Hawthorns', DATE '2018-02-24', 'A068');

INSERT INTO Fixture
Values ('Liverpool', 'Liverpool', 'West Ham United', '4', '1', 'Anfield', DATE '2018-02-24', 'A069');

INSERT INTO Fixture
Values ('N/A', 'Burnley', 'Southampton', '1', '1', 'Turf Moor', DATE '2018-02-24', 'A070');

INSERT INTO Fixture
Values ('Brighton and Hove Albion', 'Brighton and Hove Albion', 'Swansea City', '4', '1', 'Amex Stadium', DATE '2018-02-24', 'A071');

INSERT INTO Fixture
Values ('N/A', 'Bournemouth', 'Newcastle United', '2', '2', 'Vitality Stadium', DATE '2018-02-24', 'A072');

INSERT INTO Fixture
Values ('Watford', 'Watford', 'Everton', '1', '0', 'Vicarage Road', DATE '2018-02-24', 'A073');

INSERT INTO Fixture
Values ('Chelsea', 'Chelsea', 'West Bromwich Albion', '3', '0', 'Stamford Bridge', DATE '2018-02-12', 'A074');

INSERT INTO Fixture
Values ('Huddersfield Town', 'Huddersfield Town', 'Bournemouth', '4', '1', 'John Smiths Stadium', DATE '2018-02-11', 'A075');

INSERT INTO Fixture
Values ('Newcastle United', 'Newcastle United', 'Manchester United', '1', '0', 'St. James Park', DATE '2018-02-11', 'A076');

INSERT INTO Fixture
Values ('Liverpool', 'Southampton', 'Liverpool', '0', '2', 'St. Marys Stadium', DATE '2018-02-11', 'A077');

INSERT INTO Fixture
Values ('Everton', 'Everton', 'Crystal Palace', '3', '1', 'Goodison Park', DATE '2018-02-10', 'A078');

INSERT INTO Fixture
Values ('Manchester City', 'Manchester City', 'Leicester City', '5', '1', 'Etihad Stadium', DATE '2018-02-10', 'A079');

INSERT INTO Fixture
Values ('Tottenham Hotspur', 'Tottenham Hotspur', 'Arsenal', '1', '0', 'Wembley Stadium', DATE '2018-02-10', 'A080');

INSERT INTO Fixture
Values ('West Ham United', 'West Ham United', 'Watford', '2', '0', 'London Stadium', DATE '2018-02-10', 'A081');

INSERT INTO Fixture
Values ('Swansea City', 'Swansea City', 'Burnley', '1', '0', 'Liberty Stadium', DATE '2018-02-10', 'A082');

INSERT INTO Fixture
Values ('N/A', 'Stoke City', 'Brighton and Hove Albion', '1', '1', 'bet365 Stadium', DATE '2018-02-10', 'A083');

INSERT INTO Fixture
Values ('Watford', 'Watford', 'Chelsea', '4', '1', 'Vicarage Road', DATE '2018-02-05', 'A084');

INSERT INTO Fixture
Values ('N/A', 'Crystal Palace', 'Newcastle United', '1', '1', 'Selhurst Park', DATE '2018-02-04', 'A085');

INSERT INTO Fixture
Values ('N/A', 'Liverpool', 'Tottenham Hotspur', '2', '2', 'Anfield', DATE '2018-02-04', 'A086');

INSERT INTO Fixture
Values ('N/A', 'Burnley', 'Manchester City', '1', '1', 'Turf Moor', DATE '2018-02-03', 'A087');

INSERT INTO Fixture
Values ('Southampton', 'West Bromwich Albion', 'Southampton', '2', '3', 'The Hawthorns', DATE '2018-02-03', 'A088');

INSERT INTO Fixture
Values ('Manchester United', 'Manchester United', 'Huddersfield Town', '2', '0', 'Old Trafford', DATE '2018-02-03', 'A089');

INSERT INTO Fixture
Values ('N/A', 'Leicester City', 'Swansea City', '1', '1', 'King Power Stadium', DATE '2018-02-03', 'A090');

INSERT INTO Fixture
Values ('Brighton and Hove Albion', 'Brighton and Hove Albion', 'West Ham United', '3', '1', 'Amex Stadium', DATE '2018-02-03', 'A091');

INSERT INTO Fixture
Values ('Bournemouth', 'Bournemouth', 'Stoke City', '2', '1', 'Vitality Stadium', DATE '2018-02-03', 'A092');

INSERT INTO Fixture
Values ('Arsenal', 'Arsenal', 'Everton', '5', '1', 'Emirates Stadium', DATE '2018-02-03', 'A093');

INSERT INTO Fixture
Values ('N/A', 'Southampton', 'Brighton and Hove Albion', '1', '1', 'St. Marys Stadium', DATE '2018-01-31', 'A094');

INSERT INTO Fixture
Values ('N/A', 'Newcastle United', 'Burnley', '1', '1', 'St. James Park', DATE '2018-01-31', 'A095');

INSERT INTO Fixture
Values ('Everton', 'Everton', 'Leicester City', '2', '1', 'Goodison Park', DATE '2018-01-31', 'A096');

INSERT INTO Fixture
Values ('Bournemouth', 'Chelsea', 'Bournemouth', '0', '3', 'Stamford Bridge', DATE '2018-01-31', 'A097');

INSERT INTO Fixture
Values ('Tottenham Hotspur', 'Tottenham Hotspur', 'Manchester United', '2', '0', 'Wembley Stadium', DATE '2018-01-31', 'A098');

INSERT INTO Fixture
Values ('N/A', 'Stoke City', 'Watford', '0', '0', 'bet365 Stadium', DATE '2018-01-31', 'A099');

INSERT INTO Fixture
Values ('Manchester City', 'Manchester City', 'West Bromwich Albion', '3', '0', 'Etihad Stadium', DATE '2018-01-31', 'A100');

INSERT INTO Fixture
Values ('N/A', 'West Ham United', 'Crystal Palace', '1', '1', 'London Stadium', DATE '2018-01-30', 'A101');

INSERT INTO Fixture
Values ('Swansea City', 'Swansea City', 'Arsenal', '3', '1', 'Liberty Stadium', DATE '2018-01-30', 'A102');

INSERT INTO Fixture
Values ('Liverpool', 'Huddersfield Town', 'Liverpool', '0', '3', 'John Smiths Stadium', DATE '2018-01-30', 'A103');

INSERT INTO Fixture
Values ('Swansea City', 'Swansea City', 'Liverpool', '1', '0', 'Liberty Stadium', DATE '2018-01-22', 'A104');

INSERT INTO Fixture
Values ('N/A', 'Southampton', 'Tottenham Hotspur', '1', '1', 'St. Marys Stadium', DATE '2018-01-21', 'A105');

INSERT INTO Fixture
Values ('Chelsea', 'Brighton and Hove Albion', 'Chelsea', '0', '4', 'Amex Stadium', DATE '2018-01-20', 'A106');

INSERT INTO Fixture
Values ('N/A', 'West Ham United', 'Bournemouth', '1', '1', 'London Stadium', DATE '2018-01-20', 'A107');

INSERT INTO Fixture
Values ('Stoke City', 'Stoke City', 'Huddersfield Town', '2', '0', 'bet365 Stadium', DATE '2018-01-20', 'A108');

INSERT INTO Fixture
Values ('Leicester City', 'Leicester City', 'Watford', '2', '0', 'King Power Stadium', DATE '2018-01-20', 'A109');

INSERT INTO Fixture
Values ('N/A', 'Everton', 'West Bromwich Albion', '1', '1', 'Goodison Park', DATE '2018-01-20', 'A110');

INSERT INTO Fixture
Values ('Manchester United', 'Burnley', 'Manchester United', '0', '1', 'Turf Moor', DATE '2018-01-20', 'A111');

INSERT INTO Fixture
Values ('Arsenal', 'Arsenal', 'Crystal Palace', '4', '1', 'Emirates Stadium', DATE '2018-01-20', 'A112');

INSERT INTO Fixture
Values ('Manchester City', 'Manchester City', 'Newcastle United', '3', '1', 'Etihad Stadium', DATE '2018-01-20', 'A113');

INSERT INTO Fixture
Values ('Manchester United', 'Manchester United', 'Stoke City', '3', '0', 'Old Trafford', DATE '2018-01-15', 'A114');

INSERT INTO Fixture
Values ('Bournemouth', 'Bournemouth', 'Arsenal', '2', '1', 'Vitality Stadium', DATE '2018-01-14', 'A115');

INSERT INTO Fixture
Values ('Liverpool', 'Liverpool', 'Manchester City', '4', '3', 'Anfield', DATE '2018-01-14', 'A116');

INSERT INTO Fixture
Values ('Crystal Palace', 'Crystal Palace', 'Burnley', '1', '0', 'Selhurst Park', DATE '2018-01-13', 'A117');

INSERT INTO Fixture
Values ('N/A', 'Chelsea', 'Leicester City', '0', '0', 'Stamford Bridge', DATE '2018-01-13', 'A118');

INSERT INTO Fixture
Values ('Tottenham Hotspur', 'Tottenham Hotspur', 'Everton', '4', '0', 'Wembley Stadium', DATE '2018-01-13', 'A119');

INSERT INTO Fixture
Values ('West Bromwich Albion', 'West Bromwich Albion', 'Brighton and Hove Albion', '2', '0', 'The Hawthorns', DATE '2018-01-13', 'A120');

INSERT INTO Fixture
Values ('N/A', 'Watford', 'Southampton', '2', '2', 'Vicarage Road', DATE '2018-01-13', 'A121');

INSERT INTO Fixture
Values ('N/A', 'Newcastle United', 'Swansea City', '1', '1', 'St. James Park', DATE '2018-01-13', 'A122');

INSERT INTO Fixture
Values ('West Ham United', 'Huddersfield Town', 'West Ham United', '1', '4', 'John Smiths Stadium', DATE '2018-01-13', 'A123');

INSERT INTO Fixture
Values ('N/A', 'Tottenham Hotspur', 'West Ham United', '1', '1', 'Wembley Stadium', DATE '2018-01-04', 'A124');

INSERT INTO Fixture
Values ('N/A', 'Arsenal', 'Chelsea', '2', '2', 'Emirates Stadium', DATE '2018-01-03', 'A125');

INSERT INTO Fixture
Values ('West Ham United', 'West Ham United', 'West Bromwich Albion', '2', '1', 'London Stadium', DATE '2018-01-02', 'A126');

INSERT INTO Fixture
Values ('Tottenham Hotspur', 'Swansea City', 'Tottenham Hotspur', '0', '2', 'Liberty Stadium', DATE '2018-01-02', 'A127');

INSERT INTO Fixture
Values ('Crystal Palace', 'Southampton', 'Crystal Palace', '1', '2', 'St. Marys Stadium', DATE '2018-01-02', 'A128');

INSERT INTO Fixture
Values ('Manchester City', 'Manchester City', 'Watford', '3', '1', 'Etihad Stadium', DATE '2018-01-02', 'A129');

INSERT INTO Fixture
Values ('N/A', 'Brighton and Hove Albion', 'Bournemouth', '2', '2', 'Amex Stadium', DATE '2018-01-01', 'A130');

INSERT INTO Fixture
Values ('Newcastle United', 'Stoke City', 'Newcastle United', '0', '1', 'bet365 Stadium', DATE '2018-01-01', 'A131');

INSERT INTO Fixture
Values ('Leicester City', 'Leicester City', 'Huddersfield Town', '3', '0', 'King Power Stadium', DATE '2018-01-01', 'A132');

INSERT INTO Fixture
Values ('Liverpool', 'Burnley', 'Liverpool', '1', '2', 'Turf Moor', DATE '2018-01-01', 'A133');

INSERT INTO Fixture
Values ('Manchester United', 'Everton', 'Manchester United', '0', '2', 'Goodison Park', DATE '2018-01-01', 'A134');

INSERT INTO PerformanceTable
Values ('Arsenal', '6', '17', '11', '6', '57');

INSERT INTO PerformanceTable
Values ('Manchester City', '1', '29', '2', '3', '90');

INSERT INTO PerformanceTable
Values ('Manchester United', '2', '23', '6', '5', '74');

INSERT INTO PerformanceTable
Values ('Liverpool', '3', '20', '4', '11', '71');

INSERT INTO PerformanceTable
Values ('Tottenham Hotspur', '4', '20', '6', '8', '68');

INSERT INTO PerformanceTable
Values ('Chelsea', '5', '19', '9', '6', '63');

INSERT INTO PerformanceTable
Values ('Burnley', '7', '14', '10', '11', '53');

INSERT INTO PerformanceTable
Values ('Everton', '8', '12', '14', '9', '45');

INSERT INTO PerformanceTable
Values ('Leicester City', '9', '11', '12', '11', '44');

INSERT INTO PerformanceTable
Values ('Newcastle United', '10', '11', '15', '8', '41');

INSERT INTO PerformanceTable
Values ('Bournemouth', '11', '9', '15', '11', '38');

INSERT INTO PerformanceTable
Values ('Watford', '12', '10', '17', '8', '38');

INSERT INTO PerformanceTable
Values ('Brighton and Hove Albion', '13', '8', '14', '12', '36');

INSERT INTO PerformanceTable
Values ('Crystal Palace', '14', '8', '16', '11', '35');

INSERT INTO PerformanceTable
Values ('West Ham United', '15', '8', '15', '11', '35');

INSERT INTO PerformanceTable
Values ('Huddersfield Town', '16', '9', '17', '8', '35');

INSERT INTO PerformanceTable
Values ('Swansea City', '17', '8', '17', '9', '33');

INSERT INTO PerformanceTable
Values ('Southampton', '18', '5', '15', '14', '29');

INSERT INTO PerformanceTable
Values ('Stoke City', '19', '6', '18', '11', '29');

INSERT INTO PerformanceTable
Values ('West Bromwich Albion', '20', '4', '18', '13', '25');

INSERT INTO FixturePlayed
Values ('A000', 'Everton');

INSERT INTO FixturePlayed
Values ('A000', 'Newcastle United');

INSERT INTO FixturePlayed
Values ('A001', 'Stoke City');

INSERT INTO FixturePlayed
Values ('A001', 'Burnley');

INSERT INTO FixturePlayed
Values ('A002', 'Arsenal');

INSERT INTO FixturePlayed
Values ('A002', 'West Ham United');

INSERT INTO FixturePlayed
Values ('A003', 'Manchester City');

INSERT INTO FixturePlayed
Values ('A003', 'Swansea City');

INSERT INTO FixturePlayed
Values ('A004', 'West Bromwich Albion');

INSERT INTO FixturePlayed
Values ('A004', 'Liverpool');

INSERT INTO FixturePlayed
Values ('A005', 'Watford');

INSERT INTO FixturePlayed
Values ('A005', 'Crystal Palace');

INSERT INTO FixturePlayed
Values ('A006', 'Leicester City');

INSERT INTO FixturePlayed
Values ('A006', 'Southampton');

INSERT INTO FixturePlayed
Values ('A007', 'Burnley');

INSERT INTO FixturePlayed
Values ('A007', 'Chelsea');

INSERT INTO FixturePlayed
Values ('A008', 'Bournemouth');

INSERT INTO FixturePlayed
Values ('A008', 'Manchester United');

INSERT INTO FixturePlayed
Values ('A009', 'Brighton and Hove Albion');

INSERT INTO FixturePlayed
Values ('A009', 'Tottenham Hotspur');

INSERT INTO FixturePlayed
Values ('A010', 'Stoke City');

INSERT INTO FixturePlayed
Values ('A010', 'West Ham United');

INSERT INTO FixturePlayed
Values ('A011', 'Newcastle United');

INSERT INTO FixturePlayed
Values ('A011', 'Arsenal');

INSERT INTO FixturePlayed
Values ('A012', 'West Bromwich Albion');

INSERT INTO FixturePlayed
Values ('A012', 'Manchester United');

INSERT INTO FixturePlayed
Values ('A013', 'Chelsea');

INSERT INTO FixturePlayed
Values ('A013', 'Southampton');

INSERT INTO FixturePlayed
Values ('A014', 'Swansea City');

INSERT INTO FixturePlayed
Values ('A014', 'Everton');

INSERT INTO FixturePlayed
Values ('A015', 'Huddersfield Town');

INSERT INTO FixturePlayed
Values ('A015', 'Watford');

INSERT INTO FixturePlayed
Values ('A016', 'Brighton and Hove Albion');

INSERT INTO FixturePlayed
Values ('A016', 'Crystal Palace');

INSERT INTO FixturePlayed
Values ('A017', 'Leicester City');

INSERT INTO FixturePlayed
Values ('A017', 'Burnley');

INSERT INTO FixturePlayed
Values ('A018', 'Liverpool');

INSERT INTO FixturePlayed
Values ('A018', 'Bournemouth');

INSERT INTO FixturePlayed
Values ('A019', 'Tottenham Hotspur');

INSERT INTO FixturePlayed
Values ('A019', 'Manchester City');

INSERT INTO FixturePlayed
Values ('A020', 'Arsenal');

INSERT INTO FixturePlayed
Values ('A020', 'Southampton');

INSERT INTO FixturePlayed
Values ('A021', 'Chelsea');

INSERT INTO FixturePlayed
Values ('A021', 'West Ham United');

INSERT INTO FixturePlayed
Values ('A022', 'Everton');

INSERT INTO FixturePlayed
Values ('A022', 'Liverpool');

INSERT INTO FixturePlayed
Values ('A023', 'Swansea City');

INSERT INTO FixturePlayed
Values ('A023', 'West Bromwich Albion');

INSERT INTO FixturePlayed
Values ('A024', 'Watford');

INSERT INTO FixturePlayed
Values ('A024', 'Burnley');

INSERT INTO FixturePlayed
Values ('A025', 'Stoke City');

INSERT INTO FixturePlayed
Values ('A025', 'Tottenham Hotspur');

INSERT INTO FixturePlayed
Values ('A026', 'Leicester City');

INSERT INTO FixturePlayed
Values ('A026', 'Newcastle United');

INSERT INTO FixturePlayed
Values ('A027', 'Brighton and Hove Albion');

INSERT INTO FixturePlayed
Values ('A027', 'Huddersfield Town');

INSERT INTO FixturePlayed
Values ('A028', 'Bournemouth');

INSERT INTO FixturePlayed
Values ('A028', 'Crystal Palace');

INSERT INTO FixturePlayed
Values ('A029', 'Manchester United');

INSERT INTO FixturePlayed
Values ('A029', 'Manchester City');

INSERT INTO FixturePlayed
Values ('A030', 'Arsenal');

INSERT INTO FixturePlayed
Values ('A030', 'Stoke City');

INSERT INTO FixturePlayed
Values ('A031', 'Chelsea');

INSERT INTO FixturePlayed
Values ('A031', 'Tottenham Hotspur');

INSERT INTO FixturePlayed
Values ('A032', 'Crystal Palace');

INSERT INTO FixturePlayed
Values ('A032', 'Liverpool');

INSERT INTO FixturePlayed
Values ('A033', 'West Ham United');

INSERT INTO FixturePlayed
Values ('A033', 'Southampton');

INSERT INTO FixturePlayed
Values ('A034', 'West Bromwich Albion');

INSERT INTO FixturePlayed
Values ('A034', 'Burnley');

INSERT INTO FixturePlayed
Values ('A035', 'Watford');

INSERT INTO FixturePlayed
Values ('A035', 'Bournemouth');

INSERT INTO FixturePlayed
Values ('A036', 'Huddersfield Town');

INSERT INTO FixturePlayed
Values ('A036', 'Newcastle United');

INSERT INTO FixturePlayed
Values ('A037', 'Manchester United');

INSERT INTO FixturePlayed
Values ('A037', 'Swansea City');

INSERT INTO FixturePlayed
Values ('A038', 'Brighton and Hove Albion');

INSERT INTO FixturePlayed
Values ('A038', 'Leicester City');

INSERT INTO FixturePlayed
Values ('A039', 'Everton');

INSERT INTO FixturePlayed
Values ('A039', 'Manchester City');

INSERT INTO FixturePlayed
Values ('A040', 'Stoke City');

INSERT INTO FixturePlayed
Values ('A040', 'Everton');

INSERT INTO FixturePlayed
Values ('A041', 'Huddersfield Town');

INSERT INTO FixturePlayed
Values ('A041', 'Crystal Palace');

INSERT INTO FixturePlayed
Values ('A042', 'West Bromwich Albion');

INSERT INTO FixturePlayed
Values ('A042', 'Bournemouth');

INSERT INTO FixturePlayed
Values ('A043', 'Liverpool');

INSERT INTO FixturePlayed
Values ('A043', 'Watford');

INSERT INTO FixturePlayed
Values ('A044', 'Manchester City');

INSERT INTO FixturePlayed
Values ('A044', 'Stoke City');

INSERT INTO FixturePlayed
Values ('A045', 'Arsenal');

INSERT INTO FixturePlayed
Values ('A045', 'Watford');

INSERT INTO FixturePlayed
Values ('A046', 'Bournemouth');

INSERT INTO FixturePlayed
Values ('A046', 'Tottenham Hotspur');

INSERT INTO FixturePlayed
Values ('A047', 'Manchester United');

INSERT INTO FixturePlayed
Values ('A047', 'Liverpool');

INSERT INTO FixturePlayed
Values ('A048', 'West Ham United');

INSERT INTO FixturePlayed
Values ('A048', 'Burnley');

INSERT INTO FixturePlayed
Values ('A049', 'West Bromwich Albion');

INSERT INTO FixturePlayed
Values ('A049', 'Leicester City');

INSERT INTO FixturePlayed
Values ('A050', 'Newcastle United');

INSERT INTO FixturePlayed
Values ('A050', 'Southampton');

INSERT INTO FixturePlayed
Values ('A051', 'Huddersfield Town');

INSERT INTO FixturePlayed
Values ('A051', 'Swansea City');

INSERT INTO FixturePlayed
Values ('A052', 'Everton');

INSERT INTO FixturePlayed
Values ('A052', 'Brighton and Hove Albion');

INSERT INTO FixturePlayed
Values ('A053', 'Chelsea');

INSERT INTO FixturePlayed
Values ('A053', 'Crystal Palace');

INSERT INTO FixturePlayed
Values ('A054', 'Manchester United');

INSERT INTO FixturePlayed
Values ('A054', 'Crystal Palace');

INSERT INTO FixturePlayed
Values ('A055', 'Brighton and Hove Albion');

INSERT INTO FixturePlayed
Values ('A055', 'Arsenal');

INSERT INTO FixturePlayed
Values ('A056', 'Chelsea');

INSERT INTO FixturePlayed
Values ('A056', 'Manchester City');

INSERT INTO FixturePlayed
Values ('A057', 'Burnley');

INSERT INTO FixturePlayed
Values ('A057', 'Everton');

INSERT INTO FixturePlayed
Values ('A058', 'Watford');

INSERT INTO FixturePlayed
Values ('A058', 'West Bromwich Albion');

INSERT INTO FixturePlayed
Values ('A059', 'Tottenham Hotspur');

INSERT INTO FixturePlayed
Values ('A059', 'Huddersfield Town');

INSERT INTO FixturePlayed
Values ('A060', 'Swansea City');

INSERT INTO FixturePlayed
Values ('A060', 'West Ham United');

INSERT INTO FixturePlayed
Values ('A061', 'Southampton');

INSERT INTO FixturePlayed
Values ('A061', 'Stoke City');

INSERT INTO FixturePlayed
Values ('A062', 'Leicester City');

INSERT INTO FixturePlayed
Values ('A062', 'Bournemouth');

INSERT INTO FixturePlayed
Values ('A063', 'Liverpool');

INSERT INTO FixturePlayed
Values ('A063', 'Newcastle United');

INSERT INTO FixturePlayed
Values ('A064', 'Arsenal');

INSERT INTO FixturePlayed
Values ('A064', 'Manchester City');

INSERT INTO FixturePlayed
Values ('A065', 'Crystal Palace');

INSERT INTO FixturePlayed
Values ('A065', 'Tottenham Hotspur');

INSERT INTO FixturePlayed
Values ('A066', 'Manchester United');

INSERT INTO FixturePlayed
Values ('A066', 'Chelsea');

INSERT INTO FixturePlayed
Values ('A067', 'Leicester City');

INSERT INTO FixturePlayed
Values ('A067', 'Stoke City');

INSERT INTO FixturePlayed
Values ('A068', 'West Bromwich Albion');

INSERT INTO FixturePlayed
Values ('A068', 'Huddersfield Town');

INSERT INTO FixturePlayed
Values ('A069', 'Liverpool');

INSERT INTO FixturePlayed
Values ('A069', 'West Ham United');

INSERT INTO FixturePlayed
Values ('A070', 'Burnley');

INSERT INTO FixturePlayed
Values ('A070', 'Southampton');

INSERT INTO FixturePlayed
Values ('A071', 'Brighton and Hove Albion');

INSERT INTO FixturePlayed
Values ('A071', 'Swansea City');

INSERT INTO FixturePlayed
Values ('A072', 'Bournemouth');

INSERT INTO FixturePlayed
Values ('A072', 'Newcastle United');

INSERT INTO FixturePlayed
Values ('A073', 'Watford');

INSERT INTO FixturePlayed
Values ('A073', 'Everton');

INSERT INTO FixturePlayed
Values ('A074', 'Chelsea');

INSERT INTO FixturePlayed
Values ('A074', 'West Bromwich Albion');

INSERT INTO FixturePlayed
Values ('A075', 'Bournemouth');

INSERT INTO FixturePlayed
Values ('A075', 'Huddersfield Town');

INSERT INTO FixturePlayed
Values ('A076', 'Newcastle United');

INSERT INTO FixturePlayed
Values ('A076', 'Manchester United');

INSERT INTO FixturePlayed
Values ('A077', 'Liverpool');

INSERT INTO FixturePlayed
Values ('A077', 'Southampton');

INSERT INTO FixturePlayed
Values ('A078', 'Everton');

INSERT INTO FixturePlayed
Values ('A078', 'Crystal Palace');

INSERT INTO FixturePlayed
Values ('A079', 'Manchester City');

INSERT INTO FixturePlayed
Values ('A079', 'Leicester City');

INSERT INTO FixturePlayed
Values ('A080', 'Tottenham Hotspur');

INSERT INTO FixturePlayed
Values ('A080', 'Arsenal');

INSERT INTO FixturePlayed
Values ('A081', 'West Ham United');

INSERT INTO FixturePlayed
Values ('A081', 'Watford');

INSERT INTO FixturePlayed
Values ('A082', 'Swansea City');

INSERT INTO FixturePlayed
Values ('A082', 'Burnley');

INSERT INTO FixturePlayed
Values ('A083', 'Stoke City');

INSERT INTO FixturePlayed
Values ('A083', 'Brighton and Hove Albion');

INSERT INTO FixturePlayed
Values ('A084', 'Watford');

INSERT INTO FixturePlayed
Values ('A084', 'Chelsea');

INSERT INTO FixturePlayed
Values ('A085', 'Newcastle United');

INSERT INTO FixturePlayed
Values ('A085', 'Crystal Palace');

INSERT INTO FixturePlayed
Values ('A086', 'Liverpool');

INSERT INTO FixturePlayed
Values ('A086', 'Tottenham Hotspur');

INSERT INTO FixturePlayed
Values ('A087', 'Burnley');

INSERT INTO FixturePlayed
Values ('A087', 'Manchester City');

INSERT INTO FixturePlayed
Values ('A088', 'West Bromwich Albion');

INSERT INTO FixturePlayed
Values ('A088', 'Southampton');

INSERT INTO FixturePlayed
Values ('A089', 'Manchester United');

INSERT INTO FixturePlayed
Values ('A089', 'Huddersfield Town');

INSERT INTO FixturePlayed
Values ('A090', 'Swansea City');

INSERT INTO FixturePlayed
Values ('A090', 'Leicester City');

INSERT INTO FixturePlayed
Values ('A091', 'Brighton and Hove Albion');

INSERT INTO FixturePlayed
Values ('A091', 'West Ham United');

INSERT INTO FixturePlayed
Values ('A092', 'Bournemouth');

INSERT INTO FixturePlayed
Values ('A092', 'Stoke City');

INSERT INTO FixturePlayed
Values ('A093', 'Arsenal');

INSERT INTO FixturePlayed
Values ('A093', 'Everton');

INSERT INTO FixturePlayed
Values ('A094', 'Southampton');

INSERT INTO FixturePlayed
Values ('A094', 'Brighton and Hove Albion');

INSERT INTO FixturePlayed
Values ('A095', 'Newcastle United');

INSERT INTO FixturePlayed
Values ('A095', 'Burnley');

INSERT INTO FixturePlayed
Values ('A096', 'Everton');

INSERT INTO FixturePlayed
Values ('A096', 'Leicester City');

INSERT INTO FixturePlayed
Values ('A097', 'Chelsea');

INSERT INTO FixturePlayed
Values ('A097', 'Bournemouth');

INSERT INTO FixturePlayed
Values ('A098', 'Tottenham Hotspur');

INSERT INTO FixturePlayed
Values ('A098', 'Manchester United');

INSERT INTO FixturePlayed
Values ('A099', 'Watford');

INSERT INTO FixturePlayed
Values ('A099', 'Stoke City');

INSERT INTO FixturePlayed
Values ('A100', 'Manchester City');

INSERT INTO FixturePlayed
Values ('A100', 'West Bromwich Albion');

INSERT INTO FixturePlayed
Values ('A101', 'West Ham United');

INSERT INTO FixturePlayed
Values ('A101', 'Crystal Palace');

INSERT INTO FixturePlayed
Values ('A102', 'Swansea City');

INSERT INTO FixturePlayed
Values ('A102', 'Arsenal');

INSERT INTO FixturePlayed
Values ('A103', 'Huddersfield Town');

INSERT INTO FixturePlayed
Values ('A103', 'Liverpool');

INSERT INTO FixturePlayed
Values ('A104', 'Swansea City');

INSERT INTO FixturePlayed
Values ('A104', 'Liverpool');

INSERT INTO FixturePlayed
Values ('A105', 'Tottenham Hotspur');

INSERT INTO FixturePlayed
Values ('A105', 'Southampton');

INSERT INTO FixturePlayed
Values ('A106', 'Brighton and Hove Albion');

INSERT INTO FixturePlayed
Values ('A106', 'Chelsea');

INSERT INTO FixturePlayed
Values ('A107', 'West Ham United');

INSERT INTO FixturePlayed
Values ('A107', 'Bournemouth');

INSERT INTO FixturePlayed
Values ('A108', 'Stoke City');

INSERT INTO FixturePlayed
Values ('A108', 'Huddersfield Town');

INSERT INTO FixturePlayed
Values ('A109', 'Leicester City');

INSERT INTO FixturePlayed
Values ('A109', 'Watford');

INSERT INTO FixturePlayed
Values ('A110', 'Everton');

INSERT INTO FixturePlayed
Values ('A110', 'West Bromwich Albion');

INSERT INTO FixturePlayed
Values ('A111', 'Burnley');

INSERT INTO FixturePlayed
Values ('A111', 'Manchester United');

INSERT INTO FixturePlayed
Values ('A112', 'Arsenal');

INSERT INTO FixturePlayed
Values ('A112', 'Crystal Palace');

INSERT INTO FixturePlayed
Values ('A113', 'Manchester City');

INSERT INTO FixturePlayed
Values ('A113', 'Newcastle United');

INSERT INTO FixturePlayed
Values ('A114', 'Manchester United');

INSERT INTO FixturePlayed
Values ('A114', 'Stoke City');

INSERT INTO FixturePlayed
Values ('A115', 'Bournemouth');

INSERT INTO FixturePlayed
Values ('A115', 'Arsenal');

INSERT INTO FixturePlayed
Values ('A116', 'Manchester City');

INSERT INTO FixturePlayed
Values ('A116', 'Liverpool');

INSERT INTO FixturePlayed
Values ('A117', 'Crystal Palace');

INSERT INTO FixturePlayed
Values ('A117', 'Burnley');

INSERT INTO FixturePlayed
Values ('A118', 'Chelsea');

INSERT INTO FixturePlayed
Values ('A118', 'Leicester City');

INSERT INTO FixturePlayed
Values ('A119', 'Tottenham Hotspur');

INSERT INTO FixturePlayed
Values ('A119', 'Everton');

INSERT INTO FixturePlayed
Values ('A120', 'West Bromwich Albion');

INSERT INTO FixturePlayed
Values ('A120', 'Brighton and Hove Albion');

INSERT INTO FixturePlayed
Values ('A121', 'Watford');

INSERT INTO FixturePlayed
Values ('A121', 'Southampton');

INSERT INTO FixturePlayed
Values ('A122', 'Newcastle United');

INSERT INTO FixturePlayed
Values ('A122', 'Swansea City');

INSERT INTO FixturePlayed
Values ('A123', 'Huddersfield Town');

INSERT INTO FixturePlayed
Values ('A123', 'West Ham United');

INSERT INTO FixturePlayed
Values ('A124', 'Tottenham Hotspur');

INSERT INTO FixturePlayed
Values ('A124', 'West Ham United');

INSERT INTO FixturePlayed
Values ('A125', 'Arsenal');

INSERT INTO FixturePlayed
Values ('A125', 'Chelsea');

INSERT INTO FixturePlayed
Values ('A126', 'West Ham United');

INSERT INTO FixturePlayed
Values ('A126', 'West Bromwich Albion');

INSERT INTO FixturePlayed
Values ('A127', 'Swansea City');

INSERT INTO FixturePlayed
Values ('A127', 'Tottenham Hotspur');

INSERT INTO FixturePlayed
Values ('A128', 'Crystal Palace');

INSERT INTO FixturePlayed
Values ('A128', 'Southampton');

INSERT INTO FixturePlayed
Values ('A129', 'Watford');

INSERT INTO FixturePlayed
Values ('A129', 'Manchester City');

INSERT INTO FixturePlayed
Values ('A130', 'Brighton and Hove Albion');

INSERT INTO FixturePlayed
Values ('A130', 'Bournemouth');

INSERT INTO FixturePlayed
Values ('A131', 'Stoke City');

INSERT INTO FixturePlayed
Values ('A131', 'Newcastle United');

INSERT INTO FixturePlayed
Values ('A132', 'Leicester City');

INSERT INTO FixturePlayed
Values ('A132', 'Huddersfield Town');

INSERT INTO FixturePlayed
Values ('A133', 'Burnley');

INSERT INTO FixturePlayed
Values ('A133', 'Liverpool');

INSERT INTO FixturePlayed
Values ('A134', 'Everton');

INSERT INTO FixturePlayed
Values ('A134', 'Manchester United');

INSERT INTO SponsorsPlayer
Values ('Nike', '111111111');

INSERT INTO SponsorsPlayer
Values ('Adidas', '111111112');

INSERT INTO SponsorsPlayer
Values ('Puma', '111111113');

INSERT INTO SponsorsPlayer
Values ('Cadbury', '111111114');

INSERT INTO SponsorsPlayer
Values ('Carling', '111111115');

INSERT INTO SponsorsPlayer
Values ('Barclays', '111111116');

INSERT INTO SponsorsPlayer
Values ('Topps', '111111117');

INSERT INTO SponsorsPlayer
Values ('TAGHeuer', '111111118');

INSERT INTO SponsorsPlayer
Values ('Fly_emirates', '111111119');

INSERT INTO SponsorsPlayer
Values ('American_Express', '111111120');

INSERT INTO SponsorsPlayer
Values ('EA_Sports', '111111121');

INSERT INTO SponsorsPlayer
Values ('SportPesa', '111111122');

INSERT INTO SponsorsPlayer
Values ('Standard_Chartered', '111111123');

INSERT INTO SponsorsPlayer
Values ('New_Balance', '111111124');

INSERT INTO SponsorsPlayer
Values ('Etihad', '111111125');

INSERT INTO SponsorsPlayer
Values ('Fun88', '111111126');

INSERT INTO SponsorsPlayer
Values ('Budweiser', '111111127');

INSERT INTO SponsorsPlayer
Values ('Gucci', '111111128');

INSERT INTO SponsorsPlayer
Values ('Armani', '111111129');

INSERT INTO SponsorsPlayer
Values ('Under_Armour', '111111130');

INSERT INTO SponsorsPlayer
Values ('Nike', '111111131');

INSERT INTO SponsorsPlayer
Values ('Adidas', '111111132');

INSERT INTO SponsorsPlayer
Values ('Puma', '111111133');

INSERT INTO SponsorsPlayer
Values ('Cadbury', '111111134');

INSERT INTO SponsorsPlayer
Values ('Carling', '111111135');

INSERT INTO SponsorsPlayer
Values ('Barclays', '111111136');

INSERT INTO SponsorsPlayer
Values ('Topps', '111111137');

INSERT INTO SponsorsPlayer
Values ('TAGHeuer', '111111138');

INSERT INTO SponsorsPlayer
Values ('Fly_emirates', '111111139');

INSERT INTO SponsorsPlayer
Values ('American_Express', '111111140');

INSERT INTO SponsorsPlayer
Values ('EA_Sports', '111111141');

INSERT INTO SponsorsPlayer
Values ('SportPesa', '111111142');

INSERT INTO SponsorsPlayer
Values ('Standard_Chartered', '111111143');

INSERT INTO SponsorsPlayer
Values ('New_Balance', '111111144');

INSERT INTO SponsorsPlayer
Values ('Etihad', '111111145');

INSERT INTO SponsorsPlayer
Values ('Fun88', '111111146');

INSERT INTO SponsorsPlayer
Values ('Budweiser', '111111147');

INSERT INTO SponsorsPlayer
Values ('Gucci', '111111148');

INSERT INTO SponsorsPlayer
Values ('Armani', '111111149');

INSERT INTO SponsorsPlayer
Values ('Under_Armour', '111111150');

INSERT INTO SponsorsPlayer
Values ('Nike', '111111151');

INSERT INTO SponsorsPlayer
Values ('Adidas', '111111152');

INSERT INTO SponsorsPlayer
Values ('Puma', '111111153');

INSERT INTO SponsorsPlayer
Values ('Cadbury', '111111154');

INSERT INTO SponsorsPlayer
Values ('Carling', '111111155');

INSERT INTO SponsorsPlayer
Values ('Barclays', '111111156');

INSERT INTO SponsorsPlayer
Values ('Topps', '111111157');

INSERT INTO SponsorsPlayer
Values ('TAGHeuer', '111111158');

INSERT INTO SponsorsPlayer
Values ('Fly_emirates', '111111159');

INSERT INTO SponsorsPlayer
Values ('American_Express', '111111160');

INSERT INTO SponsorsPlayer
Values ('EA_Sports', '111111161');

INSERT INTO SponsorsPlayer
Values ('SportPesa', '111111162');

INSERT INTO SponsorsPlayer
Values ('Standard_Chartered', '111111163');

INSERT INTO SponsorsPlayer
Values ('New_Balance', '111111164');

INSERT INTO SponsorsPlayer
Values ('Etihad', '111111165');

INSERT INTO SponsorsPlayer
Values ('Fun88', '111111166');

INSERT INTO SponsorsPlayer
Values ('Budweiser', '111111167');

INSERT INTO SponsorsPlayer
Values ('Gucci', '111111168');

INSERT INTO SponsorsPlayer
Values ('Armani', '111111169');

INSERT INTO SponsorsPlayer
Values ('Under_Armour', '111111170');

INSERT INTO SponsorsPlayer
Values ('Nike', '111111171');

INSERT INTO SponsorsPlayer
Values ('Adidas', '111111172');

INSERT INTO SponsorsPlayer
Values ('Puma', '111111173');

INSERT INTO SponsorsPlayer
Values ('Cadbury', '111111174');

INSERT INTO SponsorsPlayer
Values ('Carling', '111111175');

INSERT INTO SponsorsPlayer
Values ('Barclays', '111111176');

INSERT INTO SponsorsPlayer
Values ('Topps', '111111177');

INSERT INTO SponsorsPlayer
Values ('TAGHeuer', '111111178');

INSERT INTO SponsorsPlayer
Values ('Fly_emirates', '111111179');

INSERT INTO SponsorsPlayer
Values ('American_Express', '111111180');

INSERT INTO SponsorsPlayer
Values ('EA_Sports', '111111181');

INSERT INTO SponsorsPlayer
Values ('SportPesa', '111111182');

INSERT INTO SponsorsPlayer
Values ('Standard_Chartered', '111111183');

INSERT INTO SponsorsPlayer
Values ('New_Balance', '111111184');

INSERT INTO SponsorsPlayer
Values ('Etihad', '111111185');

INSERT INTO SponsorsPlayer
Values ('Fun88', '111111186');

INSERT INTO SponsorsPlayer
Values ('Budweiser', '111111187');

INSERT INTO SponsorsPlayer
Values ('Gucci', '111111188');

INSERT INTO SponsorsPlayer
Values ('Armani', '111111189');

INSERT INTO SponsorsPlayer
Values ('Under_Armour', '111111190');

INSERT INTO SponsorsPlayer
Values ('Nike', '111111191');

INSERT INTO SponsorsPlayer
Values ('Adidas', '111111192');

INSERT INTO SponsorsPlayer
Values ('Puma', '111111193');

INSERT INTO SponsorsPlayer
Values ('Cadbury', '111111194');

INSERT INTO SponsorsPlayer
Values ('Carling', '111111195');

INSERT INTO SponsorsPlayer
Values ('Barclays', '111111196');

INSERT INTO SponsorsPlayer
Values ('Topps', '111111197');

INSERT INTO SponsorsPlayer
Values ('TAGHeuer', '111111198');

INSERT INTO SponsorsPlayer
Values ('Fly_emirates', '111111199');

INSERT INTO SponsorsPlayer
Values ('American_Express', '111111200');

INSERT INTO SponsorsPlayer
Values ('EA_Sports', '111111201');

INSERT INTO SponsorsPlayer
Values ('SportPesa', '111111202');

INSERT INTO SponsorsPlayer
Values ('Standard_Chartered', '111111203');

INSERT INTO SponsorsPlayer
Values ('New_Balance', '111111204');

INSERT INTO SponsorsPlayer
Values ('Etihad', '111111205');

INSERT INTO SponsorsPlayer
Values ('Fun88', '111111206');

INSERT INTO SponsorsPlayer
Values ('Budweiser', '111111207');

INSERT INTO SponsorsPlayer
Values ('Gucci', '111111208');

INSERT INTO SponsorsPlayer
Values ('Armani', '111111209');

INSERT INTO SponsorsPlayer
Values ('Under_Armour', '111111210');

INSERT INTO SponsorsPlayer
Values ('Nike', '111111211');

INSERT INTO SponsorsPlayer
Values ('Adidas', '111111212');

INSERT INTO SponsorsPlayer
Values ('Puma', '111111213');

INSERT INTO SponsorsPlayer
Values ('Cadbury', '111111214');

INSERT INTO SponsorsPlayer
Values ('Carling', '111111215');

INSERT INTO SponsorsPlayer
Values ('Barclays', '111111216');

INSERT INTO SponsorsPlayer
Values ('Topps', '111111217');

INSERT INTO SponsorsPlayer
Values ('TAGHeuer', '111111218');

INSERT INTO SponsorsPlayer
Values ('Fly_emirates', '111111219');

INSERT INTO SponsorsPlayer
Values ('American_Express', '111111220');

INSERT INTO SponsorsPlayer
Values ('EA_Sports', '111111221');

INSERT INTO SponsorsPlayer
Values ('SportPesa', '111111222');

INSERT INTO SponsorsPlayer
Values ('Standard_Chartered', '111111223');

INSERT INTO SponsorsPlayer
Values ('New_Balance', '111111224');

INSERT INTO SponsorsPlayer
Values ('Etihad', '111111225');

INSERT INTO SponsorsPlayer
Values ('Fun88', '111111226');

INSERT INTO HasPlayedFor
Values ('Brighton and Hove Albion', '111111115');

INSERT INTO HasPlayedFor
Values ('Southampton', '111111120');

INSERT INTO HasPlayedFor
Values ('Arsenal', '111111125');

INSERT INTO HasPlayedFor
Values ('Huddersfield Town', '111111130');

INSERT INTO HasPlayedFor
Values ('Manchester City', '111111135');

INSERT INTO HasPlayedFor
Values ('West Ham United', '111111140');

INSERT INTO HasPlayedFor
Values ('West Bromwich Albion', '111111145');

INSERT INTO HasPlayedFor
Values ('Newcastle United', '111111150');

INSERT INTO HasPlayedFor
Values ('Brighton and Hove Albion', '111111155');

INSERT INTO HasPlayedFor
Values ('Southampton', '111111160');

INSERT INTO HasPlayedFor
Values ('Arsenal', '111111165');

INSERT INTO HasPlayedFor
Values ('Huddersfield Town', '111111170');

INSERT INTO HasPlayedFor
Values ('Manchester City', '111111175');

INSERT INTO HasPlayedFor
Values ('West Ham United', '111111180');

INSERT INTO HasPlayedFor
Values ('West Bromwich Albion', '111111185');

INSERT INTO HasPlayedFor
Values ('Newcastle United', '111111190');

INSERT INTO HasPlayedFor
Values ('Southampton', '111111195');

INSERT INTO HasPlayedFor
Values ('Arsenal', '111111200');

INSERT INTO HasPlayedFor
Values ('Huddersfield Town', '111111205');

INSERT INTO HasPlayedFor
Values ('Manchester City', '111111210');

INSERT INTO HasPlayedFor
Values ('West Ham United', '111111220');

INSERT INTO HasPlayedFor
Values ('West Bromwich Albion', '111111225');

INSERT INTO GKStats
Values('116', '20', '000A', '111111114');

INSERT INTO GKStats
Values('200', '49', '001A', '111111118');

INSERT INTO GKStats
Values('111', '10', '002A', '111111122');

INSERT INTO GKStats
Values('203', '33', '003A', '111111126');

INSERT INTO GKStats
Values('502', '111', '004A', '111111130');

INSERT INTO GKStats
Values('326', '64', '005A', '111111134');

INSERT INTO GKStats
Values('102', '37', '006A', '111111138');

INSERT INTO GKStats
Values('207', '59', '007A', '111111142');

INSERT INTO GKStats
Values('119', '26', '008A', '111111146');

INSERT INTO GKStats
Values('207', '53', '009A', '111111150');

INSERT INTO GKStats
Values('116', '17', '010A', '111111154');

INSERT INTO GKStats
Values('209', '31', '011A', '111111158');

INSERT INTO GKStats
Values('504', '119', '012A', '111111162');

INSERT INTO GKStats
Values('323', '66', '013A', '111111166');

INSERT INTO GKStats
Values('100', '30', '014A', '111111170');

INSERT INTO GKStats
Values('214', '71', '015A', '111111174');

INSERT INTO GKStats
Values('183', '58', '016A', '111111178');

INSERT INTO GKStats
Values('95', '13', '017A', '111111182');

INSERT INTO GKStats
Values('197', '42', '018A', '111111186');

INSERT INTO GKStats
Values('505', '87', '019A', '111111190');

INSERT INTO GKStats
Values('320', '69', '020A', '111111194');

INSERT INTO GKStats
Values('99', '32', '021A', '111111198');

INSERT INTO GKStats
Values('208', '67', '022A', '111111202');

INSERT INTO GKStats
Values('137', '41', '023A', '111111206');

INSERT INTO GKStats
Values('228', '53', '024A', '111111210');

INSERT INTO GKStats
Values('103', '16', '025A', '111111214');

INSERT INTO GKStats
Values('201', '45', '026A', '111111218');

INSERT INTO GKStats
Values('499', '129', '027A', '111111222');

INSERT INTO GKStats
Values('322', '61', '028A', '111111226');

INSERT INTO SponsorsTeam VALUES ('Fly_emirates', 'Arsenal');
INSERT INTO SponsorsTeam VALUES ('Fun88', 'Bournemouth');
INSERT INTO SponsorsTeam VALUES ('American_Express', 'Brighton and Hove Albion');
INSERT INTO SponsorsTeam VALUES ('Puma', 'Burnley');
INSERT INTO SponsorsTeam VALUES ('Nike', 'Chelsea');
INSERT INTO SponsorsTeam VALUES ('Carling', 'Crystal Palace');
INSERT INTO SponsorsTeam VALUES ('SportPesa', 'Everton');
INSERT INTO SponsorsTeam VALUES ('Puma', 'Huddersfield Town');
INSERT INTO SponsorsTeam VALUES ('Puma', 'Leicester City');
INSERT INTO SponsorsTeam VALUES ('New_Balance', 'Liverpool');
INSERT INTO SponsorsTeam VALUES ('Etihad', 'Manchester City');
INSERT INTO SponsorsTeam VALUES ('Adidas', 'Manchester United');
INSERT INTO SponsorsTeam VALUES ('Fun88', 'Newcastle United');
INSERT INTO SponsorsTeam VALUES ('Under_Armour', 'Southampton');
INSERT INTO SponsorsTeam VALUES ('Etihad', 'Stoke City');
INSERT INTO SponsorsTeam VALUES ('New_Balance', 'Swansea City');
INSERT INTO SponsorsTeam VALUES ('Nike', 'Tottenham Hotspur');
INSERT INTO SponsorsTeam VALUES ('Adidas', 'Watford');
INSERT INTO SponsorsTeam VALUES ('Adidas', 'West Bromwich Albion');
INSERT INTO SponsorsTeam VALUES ('Under_Armour', 'West Ham United');

INSERT INTO HasManaged VALUES ('Burnley', 'Eddie Howe');
INSERT INTO HasManaged VALUES ('Chelsea', 'Jose Mourinho');
INSERT INTO HasManaged VALUES ('Crystal Palace', 'Frank de Boer');
INSERT INTO HasManaged VALUES ('Liverpool', 'Paul Lambert');
INSERT INTO HasManaged VALUES ('Newcastle United', 'Chris Hughton');
INSERT INTO HasManaged VALUES ('Southampton', 'Ronald Koeman');
INSERT INTO HasManaged VALUES ('Stoke City', 'Mark Hughes');
INSERT INTO HasManaged VALUES ('West Ham United', 'Tony Pulis');



















